kind,group,title,kicker,description,completeUrl,type,summary,url,linkLabel,sourcePage,sourceSection,sourceOrder,sourceKind
metadata,,Media,In The Media,"Media items preserved from the original Home page media list, including original dates and links.",complete.html#media,,,,,Home,In The Media,42,heading
group,In The Media,,,,,,Original media appearances and linked coverage.,,,Home,In The Media,42,heading
item,In The Media,"Northern Territory Indigenous language Jingili could unlock communication secret between humans and Artificial Intelligence, Canberra Times, 9-Aug-2022,",,,,In The Media,,https://www.canberratimes.com.au/story/7853492/indigenous-language-could-hold-key-for-humans-to-communicate-with-artificial-intelligence/?cs=14264,Open coverage,Home,In The Media,43,list
item,In The Media,"Northern Territory Indigenous language Jingili could unlock communication secret between humans and Artificial Intelligence, Katherine Times, 6-Aug-2022,",,,,In The Media,,https://www.katherinetimes.com.au/story/7849422/indigenous-language-could-hold-key-for-humans-to-communicate-with-artificial-intelligence/,Open coverage,Home,In The Media,46,list
item,In The Media,"National Talkblack Interview, Cairns Indigenous Community Radio Station, Bumma Bippera Media (BBM) 98.7fm, 4-Aug-2022,",,,,In The Media,,https://www.husseinabbass.net/www.bbm987.com.au,Open coverage,Home,In The Media,49,list
item,In The Media,"Australian Indigenous language used in AI breakthrough: Simple syntax translates into powerful AI commands, Information Age, Australian Computer Society, 4-Aug-2022,",,,,In The Media,,https://ia.acs.org.au/article/2022/australian-indigenous-language-used-in-ai-breakthrough.html,Open coverage,Home,In The Media,52,list
item,In The Media,"Jingulu language, Wikipedia, 3-Aug-2022,",,,,In The Media,,https://en.wikipedia.org/wiki/Jingulu_languagea,Open coverage,Home,In The Media,55,list
item,In The Media,"El idioma aborigen puede ayudar a resolver problemas de IA, 3-Aug-2022,",,,,In The Media,,https://noticias-informaticas.com/ciencia-computacion/el-idioma-aborigen-puede-ayudar-a-resolver-problemas-de-ia/,Open coverage,Home,In The Media,58,list
item,In The Media,"Australian researchers develop new communication system inspired by rare NT Aboriginal language Jingulu, ABC News, Darwin, 2-Aug-2022,",,,,In The Media,,https://www.abc.net.au/news/2022-08-02/nt-aboriginal-language-jingulu-inspires-ai-system-jswarm/101266306,Open coverage,Home,In The Media,61,list
item,In The Media,"Des chercheurs australiens développent un nouveau système de communication inspiré de la langue aborigène rare du NT Jingulu, Postsus, 1-Aug-2022,",,,,In The Media,,https://fr.postsus.com/nouvelles/836363.html,Open coverage,Home,In The Media,64,list
item,In The Media,"Lengua aborigen australiana revolucionaría la Inteligencia Artificial, Tu Manana, 26-Jul-2022,",,,,In The Media,,https://diariotumanana.com/lengua-aborigen-australiana-revolucionaria-la-inteligencia-artificial/,Open coverage,Home,In The Media,67,list
item,In The Media,"Lengua aborigen australiana podría resolver problemas de IA, El Impracial, 22-Jul-2022,",,,,In The Media,,https://www.elimparcial.com/tecnologia/Lengua-aborigen-australiana-podria-resolver-problemas-de-IA-20220722-0077.html,Open coverage,Home,In The Media,70,list
item,In The Media,"Rare Aboriginal language ‘helps humans talk to AI machines’, The Times, UK, 21-Jul-2022,",,,,In The Media,,https://www.thetimes.co.uk/article/rare-aboriginal-language-helps-humans-talk-to-ai-machines-qqgn370k2,Open coverage,Home,In The Media,73,list
item,In The Media,"Aboriginal language could help solve complex AI problems, Techxplore, 19-Jul-2022,",,,,In The Media,,https://techxplore.com/news/2022-07-aboriginal-language-complex-ai-problems.html,Open coverage,Home,In The Media,76,list
item,In The Media,"Aboriginal language could help solve complex AI problems, UNSW News Room, 18-Jul-2022,",,,,In The Media,,https://www.unsw.edu.au/news/2022/07/aboriginal-language-could-help-solve-complex-ai-problems,Open coverage,Home,In The Media,79,list
item,In The Media,"IEEE Experts on How AI is Impacting COVID-19 Research, Business, and Education, MediaPlanet, 30-Dec-2020,",,,,In The Media,,https://www.futureofbusinessandtech.com/business-ai/ieee-experts-on-how-ai-is-impacting-covid-19-research-business-and-education/,Open coverage,Home,In The Media,82,list
item,In The Media,"Machine Education: Demonopolising Artificial Intelligence, LinkedIn, 17-May-2020,",,,,In The Media,,https://www.linkedin.com/pulse/machine-education-demonopolising-artificial-hussein-abbass/?published=t,Open coverage,Home,In The Media,85,list
item,In The Media,"Robotics and coding big focus for rural school students preparing for future job industries,ABC News, 26-Nov-2019,",,,,In The Media,,https://www.abc.net.au/news/2019-11-26/robotics-will-play-a-huge-role-in-future-jobs-for-rural-students/11737100,Open coverage,Home,In The Media,88,list
item,In The Media,"A ‘smart home’ device for the privacy conscious: Google Nest Hub Max review, New Daily, 04-Oct-2019,",,,,In The Media,,https://thenewdaily.com.au/life/tech/2019/10/04/google-nest-hub-max/,Open coverage,Home,In The Media,91,list
item,In The Media,"Curious Kids: are robots smarter than humans? 20-February-2019,",,,,In The Media,,https://theconversation.com/curious-kids-are-robots-smarter-than-humans-110787,Open coverage,Home,In The Media,94,list
item,In The Media,"Deepfakes 2.0: The terrifying future of AI and fake news, Daily Dot, 5-October-2018,",,,,In The Media,,https://www.dailydot.com/debug/deepfakes-ai-clones-fake-news/,Open coverage,Home,In The Media,97,list
item,In The Media,"'Citizenship for Sale', The Global Citizenship Review, Henley and Partners, 21-August-2018,",,,,In The Media,,http://citizenshipbyinvestment.ch/index.php/2018/08/21/citizenship-for-sale-to-robots/,Open coverage,Home,In The Media,100,list
item,In The Media,"The Human Rights Commission Report on Human Rights and Technology Issues Paper, An Interview with 2CC Radio, Canberra, 2-August-2018",,,,In The Media,,,,Home,In The Media,103,list
item,In The Media,"Por que a nova Inteligência Artificial do Google levanta preocupações éticas, IDG Now, 11-May-2018,",,,,In The Media,,http://idgnow.com.br/internet/2018/05/11/nova-inteligencia-artificial-do-google-levanta-preocupacoes-eticas/,Open coverage,Home,In The Media,105,list
item,In The Media,"Duplex, la technologie Google qui va trop loin?, Le Monde Informatique, 11-May-2018,",,,,In The Media,,https://www.lemondeinformatique.fr/actualites/lire-duplex-la-technologie-google-qui-va-trop-loin-71710.html,Open coverage,Home,In The Media,108,list
item,In The Media,"Google's Duplex should come with a caveat, says artificial intelligence expert, Phys.ORG, 11-May-2018,",,,,In The Media,,https://phys.org/news/2018-05-google-duplex-caveat-artificial-intelligence.html,Open coverage,Home,In The Media,111,list
item,In The Media,"Google Duplex should introduce itself as a robot: AI expert, CIO, 11-May-2018,",,,,In The Media,,https://www.cio.com.au/article/641077/google-duplex-should-introduce-itself-robot-ai-expert/,Open coverage,Home,In The Media,114,list
item,In The Media,"Commentary on Google Duplex: The new AI technology that can make phone calls on your behalf, New Daily, 10-May-2018,",,,,In The Media,,https://thenewdaily.com.au/life/tech/2018/05/09/google-duplex-ai-book-appointment/,Open coverage,Home,In The Media,117,list
item,In The Media,"Robots that Look Like Us, Big Ideas, ABC National, 6-May-2018,",,,,In The Media,,https://youtu.be/fyycC4eGLqU,Open coverage,Home,In The Media,120,list
item,In The Media,"Explore the theme of relationships in Patricia Piccinini's work, Robotics and Art, Queensland Gallary of Modern Art, 26-Apr-2018, [ABC Podcast],[Youtube Video]",,,,In The Media,,http://www.abc.net.au/radionational/programs/bigideas/robots-that-look-like-us/9729232 | https://youtu.be/fyycC4eGLqU,Open coverage,Home,In The Media,123,list
item,In The Media,"Do Robots Deserve Human Rights? 5-Dec-2017, [Discover Magazine]",,,,In The Media,,http://blogs.discovermagazine.com/crux/2017/12/05/human-rights-robots/#.WibWcLQ-fJz,Open coverage,Home,In The Media,127,list
item,In The Media,An AI professor explains: three concerns about granting citizenship to robot Sophia 30-Oct-2017 [The Conversation] Republication of the Conversation Article in [World Economic Forum] [ Australasian Science] [ Epoch Times] Interviews follow-up on the Conversation Article [ 2Ser Radio] [ABC National on the Minfield] Translations in [Polish ] [Chinese ],,,,In The Media,,https://theconversation.com/an-ai-professor-explains-three-concerns-about-granting-citizenship-to-robot-sophia-86479 | https://www.weforum.org/agenda/authors/hussein-abbass | http://www.australasianscience.com.au/article/science-and-technology/ai-professor-explains-three-concerns-about-granting-citizenship-robot | https://www.theepochtimes.com/uplift/an-ai-professor-explains-three-concerns-about-granting-citizenship-to-robot-sophia_2345597.html | http://2ser.com/first-ai-robot-granted-citizenship/ | http://www.abc.net.au/radionational/programs/theminefield/can-there-be-a-place-for-robots-within-the-human-community/9104338 | https://testhub.pl/robot-obywatelstwem-sophie/ | https://www.mirrormedia.mg/story/20171106int001/,Open coverage,Home,In The Media,130,list
item,In The Media,Republication of the Conversation Article in [World Economic Forum] [ Australasian Science] [ Epoch Times],,,,In The Media,,https://www.weforum.org/agenda/authors/hussein-abbass | http://www.australasianscience.com.au/article/science-and-technology/ai-professor-explains-three-concerns-about-granting-citizenship-robot | https://www.theepochtimes.com/uplift/an-ai-professor-explains-three-concerns-about-granting-citizenship-to-robot-sophia_2345597.html,Open coverage,Home,In The Media,133,list
item,In The Media,Interviews follow-up on the Conversation Article [ 2Ser Radio] [ABC National on the Minfield],,,,In The Media,,http://2ser.com/first-ai-robot-granted-citizenship/ | http://www.abc.net.au/radionational/programs/theminefield/can-there-be-a-place-for-robots-within-the-human-community/9104338,Open coverage,Home,In The Media,138,list
item,In The Media,Translations in [Polish ] [Chinese ],,,,In The Media,,https://testhub.pl/robot-obywatelstwem-sophie/ | https://www.mirrormedia.mg/story/20171106int001/,Open coverage,Home,In The Media,142,list
item,In The Media,"Artificial intelligence begins to transform security landscape, Jane's Intelligence Review, 2017, [Content Preview]",,,,In The Media,,http://www.janes.com/images/assets/814/75814/Artificial_intelligence_begins_to_transform_security_landscape.pdf,Open coverage,Home,In The Media,146,list
item,In The Media,"The Artificial Intelligence Revolution - Its Science, Impacts and Issues, Questacon, 8-May, 2017",,,,In The Media,,https://www.questacon.edu.au/events/artificial-intelligence-revolution-its-science-impacts-and-issues,Open coverage,Home,In The Media,149,list
item,In The Media,"A Plenary Speeches on Trusted Autonomy: Challenges and Opportunities for Computational Intelligence, 31-Jan to 2-Feb, Melbourne, 2017 [Youtube]",,,,In The Media,,https://www.youtube.com/watch?v=9M9c5nYC2Vw,Open coverage,Home,In The Media,152,list
item,In The Media,"The Computer Says Yes, Innovation Month - 24 July 2015 [Youtube] [Transcript]",,,,In The Media,,https://www.youtube.com/watch?v=ZcNKr9Anm0Q&list=PLS4rZ-CRtZpQsiRCyCEa_T8klJr1EI8dN&index=12 | http://industry.gov.au/transcripts/Pages/Hussein-Abbass-The-Computer-Says-Yes.aspx,Open coverage,Home,In The Media,155,list
item,In The Media,Public Sector Must Adopt Artificial Intelligence - The Mandarin - 24 July 2015 -,,,,In The Media,,http://www.themandarin.com.au/45780-public-sector-must-adopt-artificial-intelligence-innovation-seminar/?pgnc=1,Open coverage,Home,In The Media,159,list
item,In The Media,The Human Machine Balance - International Innovation - Issue 183 June 2015 -,,,,In The Media,,http://www.internationalinnovation.com/smoking-gun/,Open coverage,Home,In The Media,162,list
item,In The Media,"Inside Intelligence, International Innovation Magazine: [High Resolution] [Low Resolution]",,,,In The Media,,https://www.husseinabbass.net/HAII183HR.pdf | https://www.husseinabbass.net/HAII183LR.pdf,Open coverage,Home,In The Media,165,list
item,In The Media,Man and Machine - Uniken - Issue 74 2014 -,,,,In The Media,,https://newsroom.unsw.edu.au/sites/default/files/documents/UNS7595_UNIKEN_Spring_2014_WEB_1.pdf,Open coverage,Home,In The Media,169,list
item,In The Media,Computational Intelligence on ABC News - 2012 -,,,,In The Media,,https://www.youtube.com/watch?v=KhGvzaMFNAI,Open coverage,Home,In The Media,172,list
item,In The Media,Australian Innovation Report - 2010 -,,,,In The Media,,http://www.industry.gov.au/Office-of-the-Chief-Economist/Publications/Documents/Australian-Innovation-System/2010/AustralianInnovationSystemReview2010.pdf,Open coverage,Home,In The Media,175,list
item,In The Media,Follow That Bug - Cheryl Jones - The Australian IT - May 2002 -,,,,In The Media,,http://technews.acm.org/articles/2002-4/0306w.html#item7,Open coverage,Home,In The Media,178,list
featured,,"Northern Territory Indigenous language Jingili could unlock communication secret between humans and Artificial Intelligence, Canberra Times, 9-Aug-2022,",,,,In The Media,,https://www.canberratimes.com.au/story/7853492/indigenous-language-could-hold-key-for-humans-to-communicate-with-artificial-intelligence/?cs=14264,Open source,Home,In The Media,43,list
featured,,"Northern Territory Indigenous language Jingili could unlock communication secret between humans and Artificial Intelligence, Katherine Times, 6-Aug-2022,",,,,In The Media,,https://www.katherinetimes.com.au/story/7849422/indigenous-language-could-hold-key-for-humans-to-communicate-with-artificial-intelligence/,Open source,Home,In The Media,46,list
featured,,"National Talkblack Interview, Cairns Indigenous Community Radio Station, Bumma Bippera Media (BBM) 98.7fm, 4-Aug-2022,",,,,In The Media,,https://www.husseinabbass.net/www.bbm987.com.au,Open source,Home,In The Media,49,list
